keyword,status,date_published
nissan patrol y61 super safari dubai buying guide,published,2026-05-28
nissan patrol transmission rebuild cost dubai aed,published,2026-05-15
al futtaim nissan service vs independent workshop dubai,published,2026-05-15
best nissan patrol mechanic ras al khor,published,2026-05-16
nissan patrol y62 nismo dubai worth it,published,2026-05-17
nissan patrol y62 air suspension problems uae,published,2026-05-19
nissan patrol y63 service cost dubai vs al futtaim,published,2026-05-18
nissan patrol differential repair cost uae,published,2026-05-18
nissan patrol y62 annual maintenance cost dubai,published,2026-05-19
nissan patrol overheating dubai summer fix,published,2026-05-18
nissan patrol y63 vs y62 buying decision dubai,published,2026-05-20
nissan patrol specialist workshop near dubai mall,published,2026-05-20
nissan patrol cvt transmission service cost dubai,published,2026-05-21
best nissan patrol y61 restoration workshop dubai,published,2026-05-27
nissan patrol y61 engine rebuild price uae,published,2026-05-25
nissan patrol resale value dubai 2026,published,2026-05-30
nissan patrol y62 vs toyota land cruiser dubai,rejected,
nissan patrol y62 vs y63 dubai comparison,published,2026-05-15
nissan patrol service every how many km dubai,published,2026-05-22
nissan patrol y62 brake service cost comparison dubai,published,2026-05-23
nissan patrol y62 reliability uae high mileage,published,2026-05-22
nissan patrol y62 turbo upgrade dubai cost,published,2026-05-22
nissan patrol independent garage vs dealership dubai,published,2026-05-24
nissan patrol y61 parts cost dubai authentic vs aftermarket,published,2026-05-26
nissan patrol y62 fuel consumption dubai,published,2026-05-29
nissan patrol service interval guide dubai,published,2026-05-31
nissan patrol service dubai complete guide,published,2026-05-15
nissan patrol y62 transmission problems dubai,published,2026-05-15
nissan patrol service cost dubai,published,2026-05-15
nissan patrol suspension dubai,published,2026-05-15
nissan patrol y62 dubai complete guide,published,2026-05-15
nissan patrol mechanic al quoz,published,2026-05-15
nissan patrol off road uae,published,2026-05-15
nissan patrol y61 vs y62 dubai,published,2026-05-15
nissan patrol ac problems dubai,published,2026-05-15
nissan patrol pre purchase inspection,published,2026-05-15
nissan patrol gearbox problems uae,published,2026-05-15
nissan patrol y61 dubai complete guide,published,2026-05-15
nissan patrol y62 problems dubai,published,2026-05-15
best oil nissan patrol uae heat,published,2026-05-15
rls test,draft,
nissan patrol y62 gearbox repair cost dubai,published,2026-06-01
nissan patrol y63 off road build specialist dubai,published,2026-06-02
best nissan patrol y61 diesel engine swap dubai,published,2026-06-03
nissan patrol y62 shock absorber replacement cost uae,published,2026-06-04
nissan patrol specialist cheaper than al futtaim dubai,published,2026-06-05
nissan patrol y63 warranty service independent garage dubai,published,2026-06-06
nissan patrol y61 tb48 engine rebuild specialist dubai,published,2026-06-07
nissan patrol y62 transmission flush cost dubai comparison,published,2026-06-08
nissan patrol y63 suspension upgrade best workshop dubai,published,2026-06-09
nissan patrol y62 ecu repair cost dubai,published,2026-06-10
nissan patrol y62 radiator replacement cost dubai,published,2026-06-11
nissan patrol y61 super safari value for money uae,published,2026-06-12
nissan patrol y63 brake pad replacement cost dubai,published,2026-06-13
nissan patrol y62 transfer case repair cost uae,published,2026-06-14
best nissan patrol tyre shop dubai price comparison,draft,
nissan patrol y61 vs y62 running costs dubai,published,2026-06-15
nissan patrol y63 al futtaim service cost worth it,published,2026-06-20
nissan patrol y62 catalytic converter replacement cost uae,published,2026-06-21
nissan patrol y61 restoration cost vs selling dubai,published,2026-06-22
nissan patrol y62 differential oil change cost dubai,published,2026-06-23
nissan patrol y62 injector replacement cost dubai 2026,published,2026-06-24
y61 super safari engine swap cost uae 2026,published,2026-06-25
nissan patrol y63 specialist workshop sharjah vs dubai,published,2026-06-26
y62 vk56 engine replacement cost dubai 2026,published,2026-06-27
nissan patrol y61 leaf spring upgrade cost uae,published,2026-06-28
y63 independent service centre dubai al barsha 2026,published,2026-06-29
nissan patrol y62 timing chain replacement cost dubai,published,2026-06-30
y61 safari club vs independent workshop dubai 2026,published,2026-07-01
nissan patrol y63 exhaust upgrade specialist dubai 2026,published,2026-07-02
y62 alternator replacement cost dubai uae 2026,published,2026-07-03
y62 power steering rack replacement cost dubai 2026,published,2026-07-04
nissan patrol y63 towbar fitting specialist dubai 2026,published,2026-07-05
y61 super safari roof rack installation cost uae 2026,published,2026-07-06
nissan patrol y62 ac compressor replacement cost dubai 2026,published,2026-07-07
y63 al futtaim warranty void independent garage dubai 2026,published,2026-07-08
nissan patrol y62 wheel alignment cost dubai vs dealer 2026,published,2026-07-09
y61 fuel pump replacement cost uae 2026,published,2026-07-10
nissan patrol y63 window tint specialist dubai best price 2026,published,2026-07-11
y62 coolant flush cost dubai independent vs al futtaim 2026,published,2026-07-12
nissan patrol y61 clutch replacement cost dubai 2026,published,2026-07-13
nissan patrol y62 battery replacement cost dubai 2026,published,2026-07-14
y61 super safari tow bar fitting cost uae 2026,published,2026-07-15
nissan patrol y63 ceramic coating specialist dubai 2026,published,2026-07-16
y62 air filter replacement cost al futtaim vs independent dubai 2026,published,2026-07-17
nissan patrol y61 second hand parts dealer dubai 2026,published,2026-07-18
y63 dashcam installation specialist dubai best price 2026,published,2026-07-19
nissan patrol y62 oxygen sensor replacement cost dubai 2026,published,2026-07-20
y61 super safari snorkel fitting cost dubai 2026,published,2026-07-21
nissan patrol y62 starter motor replacement cost uae 2026,published,2026-07-22
y63 independent service centre abu dhabi vs dubai 2026,published,2026-07-23
y62 fuel injector cleaning cost dubai 2026,published,2026-07-24
nissan patrol y62 head gasket replacement cost uae,published,2026-07-25
y62 abs sensor replacement cost dubai 2026,published,2026-07-26
nissan patrol y62 driveshaft repair cost dubai 2026,published,2026-07-27
y62 spark plug replacement cost al futtaim vs independent,published,2026-07-28
nissan patrol y62 throttle body cleaning cost dubai,published,2026-07-29
y62 water pump replacement cost uae 2026,published,2026-07-30
nissan patrol y62 fourth brake light replacement dubai 2026,published,2026-07-31
y62 engine mount replacement cost dubai 2026,published,2026-08-01
nissan patrol y62 cv joint replacement cost uae 2026,published,2026-08-02
y62 fuel pressure regulator replacement cost dubai 2026,published,2026-08-03
nissan patrol y62 rear differential rebuild cost uae 2026,published,2026-08-04
y62 vk56 valve cover gasket replacement cost dubai 2026,published,2026-08-05
nissan patrol y62 specialist abu dhabi vs dubai 2026,published,2026-08-06
y62 intercooler upgrade cost dubai al futtaim vs independent,published,2026-08-07
nissan patrol y62 paint protection film cost dubai 2026,published,2026-08-08
y62 rear air bag replacement cost uae 2026,published,2026-08-09
nissan patrol y62 tow bar fitting cost dubai 2026,published,2026-08-10
y62 crankshaft position sensor replacement cost dubai 2026,published,2026-08-11
nissan patrol y62 coolant temperature sensor cost uae 2026,published,2026-08-12
y62 patrol wheel bearing replacement cost dubai 2026,published,2026-08-13
y62 fuel tank replacement cost uae 2026,rejected,
y62 brake caliper replacement cost dubai 2026,rejected,
y62 exhaust manifold repair cost uae 2026,rejected,
nissan patrol y62 tyre rotation cost dubai 2026,rejected,
y62 oil cooler replacement cost dubai 2026,rejected,
y62 rear differential seal replacement cost uae 2026,rejected,
nissan patrol y62 suspension arm replacement cost dubai 2026,rejected,
y62 vk56 oil consumption fix cost dubai 2026,rejected,
y62 patrol specialist workshop jebel ali 2026,rejected,
nissan patrol service center dubai,rejected,
nissan patrol maintenance cost uae,rejected,
nissan patrol oil change,rejected,
nissan patrol y61 problems,rejected,
buying a used nissan patrol,published,2026-08-17
nissan patrol high mileage,published,2026-08-20
nissan patrol engine problems,published,2026-08-24
nissan patrol fuel consumption,published,2026-08-27
nissan patrol black smoke,published,2026-08-31
nissan patrol engine overheating,published,2026-09-03
nissan patrol shaking at high speed,published,2026-09-07
nissan patrol best year to buy,published,2026-09-10
nissan patrol major service,published,2026-09-14
nissan patrol oil leak,published,2026-09-17
nissan patrol warning lights meaning,published,2026-09-18
nissan patrol diesel vs petrol,published,2026-09-21
nissan patrol steering problems,published,2026-09-24
nissan patrol not starting,published,2026-09-28
nissan patrol vibration when driving,published,2026-10-01
nissan patrol 4wd not engaging,pending,
nissan patrol losing power,pending,
nissan patrol long term ownership,pending,
nissan patrol specialist vs dealer,pending,
nissan patrol brake problems,pending,
